Q20_1;Q20_2;Q20_3;Q20_4;Q20_5;Q20_6;Q20_7;Q19_1;Q19_2;Q19_3;Q19_4;Q19_5;Q19_6;Q19_7;Q19_8;Q19_9;Q12_1;Q12_2;Q12_3;Q12_4;Q12_5;Q12_6;Q12_7;Q12_8;Q12_9;Q12_10;Q12_11;Q12_12;Q12_13;Q22;Q21_1;Q21_2;Q21_3;Q21_4;Q21_5;PROENV_1;PROENV_2;PROENV_3;PROENV_4;PROENV_5;PROENV_6;PROENV_7;PROENV_8;PROENV_9;PROENV_10;PROENV_11;PROENV_12;Q25_1;Q25_2;Q25_3;Q25_4;Q25_5;Q25_6;Q25_7;Q25_8;Q25_9;Q25_10;Q25_11;Q25_12;Q25_13;Q25_14;Q25_15;Q25_16;Q25_17;Q25_18;Q25_19;Q25_20;Q3;Q5;Q5_4_TEXT;Q8;Q6;Q7;Q9;Q10
2;2;2;1;1;2;1;1;0;0;1;0;2;1;0;0;2;1;1;0;1;1;0;0;1;1;1;1;1;1;5;4;5;5;4;5;2;5;4;3;3;2;2;2;1;5;4;5;5;5;5;5;4;5;3;5;5;3;5;1;3;3;5;3;5;3;3;24;2;NA;3;1;Environmentálne štúdiá;1;Neformálne vzdelávanie
2;0;1;3;0;1;1;1;0;1;3;3;0;3;0;0;1;0;0;1;0;1;0;0;1;0;2;2;2;1;5;5;6;6;6;6;4;6;6;5;6;6;5;2;3;6;6;5;5;5;5;5;5;5;2;5;5;3;5;2;4;1;4;5;5;3;1;24;3;NA;3;1;sociální antropologie;2;NA
1;1;1;1;0;1;0;1;0;1;1;1;0;1;1;0;2;2;2;2;2;2;2;1;1;0;0;1;1;1;6;4;5;3;3;6;5;6;6;5;5;6;5;6;4;6;6;5;5;5;5;5;4;5;5;5;5;5;5;1;3;2;5;4;5;4;2;27;3;NA;6;2;NA;1;vzdělávání 
2;0;2;2;0;1;0;1;2;1;3;1;1;1;0;0;3;1;1;1;1;1;1;0;1;0;3;2;3;1;5;6;5;5;3;6;4;5;5;6;5;6;4;6;5;6;6;5;5;5;5;4;4;5;2;4;1;4;5;2;5;2;5;4;2;3;3;23;2;NA;5;1;Environmentální studia;2;NA
1;0;0;0;0;0;0;0;0;0;1;0;0;0;0;0;1;0;0;0;0;0;0;0;0;0;0;0;0;1;5;5;5;6;3;5;4;4;4;4;4;4;1;3;1;1;1;5;5;5;5;5;5;5;2;4;5;4;5;1;5;5;5;5;4;5;2;32;2;NA;6;2;NA;2;NA
3;2;2;1;1;1;1;1;1;3;3;2;2;2;1;0;1;1;1;1;1;1;1;0;0;0;1;1;1;1;2;5;4;5;2;6;4;4;4;4;4;4;2;4;1;2;3;5;5;5;5;5;5;NA;5;4;5;5;5;3;4;3;4;5;5;3;2;24;2;NA;6;2;NA;1;Cestovny ruch
0;0;0;1;0;1;0;0;0;1;2;1;0;0;0;0;0;0;0;0;0;0;0;0;0;0;0;0;0;1;6;5;6;6;5;5;4;4;3;5;4;2;1;1;1;1;1;5;5;5;5;5;5;5;4;5;5;4;5;NA;4;NA;NA;4;NA;NA;2;26;2;NA;6;1;Vseobecne lekarstvi;2;NA
3;3;3;3;1;2;1;2;1;1;1;1;3;3;1;1;2;3;2;2;3;3;3;2;3;3;3;3;3;1;5;4;4;5;3;6;6;6;6;6;6;6;5;5;5;5;6;4;5;5;5;5;5;5;NA;4;5;5;5;2;4;4;5;5;5;5;4;25;2;NA;4;1;Humanitní studia;2;NA
0;1;1;1;1;1;1;1;3;3;2;1;3;3;3;1;1;1;1;1;1;1;1;0;1;0;0;1;0;2;5;5;5;5;2;5;5;5;5;5;5;5;2;2;1;1;2;5;4;4;4;4;5;2;2;NA;4;NA;NA;5;4;3;4;4;2;2;2;23;1;NA;3;1;Informatika;1;Gastro
3;3;3;3;3;3;3;3;3;3;3;3;3;3;2;3;3;3;3;3;3;3;3;3;3;3;3;3;3;2;1;1;1;4;1;5;3;6;6;6;5;3;1;3;1;1;2;5;5;5;5;5;5;4;4;5;4;4;5;3;4;4;3;5;4;3;2;21;2;NA;3;1;Německý jazyk se zaměřením na vzdělávání;1;Školství, lektorství
3;3;2;2;1;1;1;3;2;2;3;1;3;3;1;1;0;1;0;0;1;1;1;0;0;2;0;1;2;2;2;3;3;4;2;6;3;6;6;5;6;5;2;5;1;3;2;4;5;4;5;5;5;NA;NA;1;4;2;NA;2;4;4;4;4;NA;NA;1;20;2;NA;3;1;Environmentální studia, Právo a právní věda;2;NA
1;1;1;1;0;1;0;1;0;1;3;0;0;2;0;0;1;0;0;1;0;0;0;0;1;0;0;0;0;2;4;4;3;4;5;5;2;6;2;3;3;5;1;4;4;4;5;4;5;5;5;5;5;5;NA;4;5;5;5;NA;4;3;5;5;4;2;2;17;3;NA;1;1;Všeobecné gymnázium;2;NA
3;3;3;2;0;1;1;1;1;2;1;1;1;1;2;1;2;1;1;1;2;1;2;2;1;1;3;2;2;2;4;7;4;5;2;6;4;3;4;4;5;3;1;2;1;1;3;4;NA;3;3;NA;5;4;4;4;4;4;3;5;5;1;3;4;1;2;2;19;2;NA;3;1;Fyzika;2;NA
3;3;3;3;2;2;1;1;2;2;3;3;2;1;1;2;2;1;1;1;1;2;2;1;2;1;2;2;2;2;5;5;3;5;2;6;6;6;6;6;6;5;3;3;3;2;2;5;5;5;5;5;5;5;1;3;5;4;5;1;4;5;5;5;5;3;3;19;3;NA;3;1;střední veterinární škola, mířím na vysokou veterinu;2;NA
3;3;3;3;3;3;1;1;2;1;3;0;3;3;3;1;2;2;2;2;1;1;1;1;1;1;1;1;2;2;2;1;1;1;2;5;3;6;5;4;3;1;1;2;1;1;1;5;5;5;5;5;5;5;4;5;5;4;5;4;5;4;5;4;5;4;3;17;1;NA;1;1;gympl :(;2;NA
3;3;2;3;1;1;1;3;2;1;3;1;2;1;1;3;1;0;0;1;1;0;0;0;0;0;1;1;1;2;2;5;1;2;2;5;2;3;3;5;4;2;1;3;1;1;2;4;4;4;5;4;3;5;3;3;5;3;4;3;4;3;3;3;3;3;3;21;2;NA;3;1;Vyšší odborná, sociální práce a sociální pedagogika ;1;Gastronomie (bar)
3;3;3;3;2;2;2;2;2;3;3;1;3;3;2;1;3;2;2;3;1;2;2;3;1;3;1;2;1;2;3;2;3;1;1;5;4;5;4;4;3;5;2;5;1;5;6;5;5;5;5;5;5;5;3;5;5;5;5;2;5;1;5;5;5;2;1;24;2;NA;3;2;NA;1;Pece o deti, prodej
0;1;0;0;0;0;0;1;0;0;0;1;0;0;0;0;0;0;0;0;0;0;1;0;0;0;1;1;0;2;5;6;5;5;3;4;4;2;1;1;3;1;1;1;1;1;3;4;4;4;4;4;4;2;4;4;5;4;2;4;5;3;2;1;1;4;1;21;1;NA;5;1;Germanistika a bohemistika;1;Překladatelství, tlumočnictví 
1;0;1;0;0;1;0;0;0;0;0;0;1;0;0;0;0;0;1;0;0;0;0;0;0;0;1;0;1;2;4;5;6;4;3;6;4;6;3;4;3;5;3;2;1;1;4;5;5;5;5;5;5;5;5;5;5;4;5;1;5;3;4;3;5;5;1;31;1;NA;6;1;Sociální psychologie;1;Sociálněvědní výzkum
3;3;3;3;3;2;2;2;3;3;2;3;3;1;2;3;3;2;3;3;1;0;0;3;2;3;3;3;1;2;1;4;5;6;7;1;4;2;1;1;2;1;1;1;1;1;1;2;5;3;2;2;1;1;3;4;4;1;NA;NA;1;3;3;3;3;3;3;20;2;NA;3;1;Sociální pedagogika;1;NA
0;0;0;0;0;0;0;0;0;0;0;0;0;0;0;0;0;0;0;0;0;0;0;0;0;0;1;1;0;2;6;6;7;7;5;5;3;3;3;3;5;1;1;1;1;NA;1;5;5;5;5;4;4;3;3;2;5;3;4;4;4;3;4;4;3;4;2;21;2;NA;3;1;Češtinu a dějepis se zaměřením na vzdělání;1;Služby
1;1;1;1;1;1;1;2;1;2;2;2;2;2;0;0;0;0;0;0;0;0;0;0;0;0;0;0;0;2;4;5;5;5;5;6;2;3;5;2;5;2;1;4;1;1;3;5;2;5;4;3;4;4;4;4;5;5;5;3;4;3;3;3;4;2;2;21;2;NA;3;1;Pěstování rostlin;2;NA
2;1;2;1;2;1;0;1;0;1;2;1;1;0;0;0;0;0;0;0;1;1;0;0;0;1;1;0;0;2;2;2;2;2;2;5;3;3;5;4;5;1;2;1;1;1;1;3;4;4;4;4;4;4;3;3;2;3;3;4;3;2;3;3;3;2;2;21;2;NA;3;1;Sociální práce, sociální pedagogika;1;Výroba a distribuce gramofonových desek
1;1;1;1;0;1;1;2;0;0;3;0;0;1;0;0;0;0;1;1;0;0;0;0;0;2;1;1;0;2;5;5;6;6;3;6;3;2;5;5;6;1;1;1;1;1;1;5;5;4;5;4;5;4;4;4;3;3;3;2;4;4;4;4;4;3;2;19;2;NA;3;1;Sociální práce;2;NA
1;1;0;0;0;1;0;1;0;1;1;0;0;1;0;0;2;2;1;2;1;0;1;1;0;1;1;1;2;2;5;7;5;4;3;6;5;6;5;5;4;5;4;5;3;4;4;5;4;5;5;5;5;5;2;4;5;4;5;1;5;4;5;4;5;NA;2;21;2;NA;3;1;Zubní lékařství;1;Doučování
2;2;1;3;1;1;1;2;2;3;3;3;3;2;1;0;1;1;2;2;2;1;2;3;0;2;2;2;2;2;3;3;5;4;2;5;5;6;4;4;5;6;3;5;6;6;5;5;5;4;5;5;5;4;5;5;4;2;4;3;5;5;4;4;3;2;2;21;2;NA;3;1;Dějiny umění;1;Sport
1;0;1;2;0;1;1;2;1;0;3;1;1;2;0;0;1;1;1;1;2;1;0;0;1;2;0;1;0;2;2;4;3;4;2;6;4;5;5;5;4;2;1;4;1;2;3;5;5;5;4;5;4;5;2;4;5;5;5;1;5;3;5;5;4;5;3;49;1;NA;6;2;NA;1;životní prostředí
2;2;1;0;0;1;2;1;1;1;1;0;2;1;0;0;1;0;0;0;0;0;0;1;0;1;1;1;1;2;5;5;3;5;4;6;4;5;4;4;5;6;4;3;1;2;3;5;5;5;5;5;4;5;2;4;5;4;5;2;4;3;5;5;4;4;3;47;1;NA;6;2;NA;1;Ucitel
1;1;1;0;0;0;0;1;1;0;1;0;2;1;0;0;0;0;0;0;0;0;0;0;0;0;0;0;0;2;5;6;5;6;5;5;4;5;5;5;5;2;3;2;1;5;3;5;5;5;5;5;5;5;4;5;4;4;5;4;5;4;5;4;4;3;1;29;1;NA;6;2;NA;1;vzdělávání
0;0;1;0;0;1;0;0;0;0;1;0;0;0;0;0;0;0;0;1;1;0;1;0;1;1;0;1;1;2;3;4;5;3;2;6;4;3;4;3;3;1;2;4;1;1;1;5;5;5;4;4;4;5;1;3;4;4;5;5;4;3;4;4;3;3;2;21;1;NA;3;1;Biologie na PřF UK;2;NA
3;2;3;1;1;1;1;3;3;3;3;2;3;2;0;2;2;2;2;2;2;1;3;3;0;1;2;0;3;2;2;4;3;5;3;6;4;6;6;4;6;3;3;5;1;2;4;4;5;4;5;5;5;5;4;3;5;NA;5;NA;5;4;4;5;4;NA;NA;20;2;NA;3;1;Andragogika a personální řízení - UK Filosofická fakulta;1;Personalistika 
2;2;1;1;1;1;1;1;1;1;1;0;2;0;1;1;1;1;1;0;1;0;1;1;0;0;1;2;2;2;6;6;6;7;2;6;4;6;5;4;6;6;4;5;1;3;3;5;5;5;5;5;5;5;4;4;5;4;5;3;4;4;5;5;4;3;2;21;2;NA;3;1;Environmentální studia;1;Účetnictví a komunikace
1;1;1;1;1;1;0;1;1;1;2;0;1;2;0;0;0;0;0;0;0;0;0;0;0;0;0;1;1;2;5;4;5;3;3;5;3;3;4;3;4;3;2;4;2;3;3;5;5;5;5;4;3;5;2;4;4;3;3;3;4;4;5;5;2;2;2;31;1;NA;3;2;NA;1;IT
1;1;1;1;0;1;1;2;1;1;1;1;2;3;0;1;1;0;0;0;0;0;1;0;0;0;1;1;1;2;3;5;4;3;3;6;3;4;6;4;6;4;4;2;1;1;1;5;5;5;5;5;5;4;4;5;5;5;4;4;5;5;4;4;4;3;2;24;2;NA;3;1;Biologie;2;NA
1;0;1;1;0;1;2;1;1;0;1;1;1;2;1;1;0;0;0;1;0;1;1;1;1;1;1;0;0;2;5;5;5;4;4;5;3;2;4;4;4;1;1;1;1;2;1;5;4;4;4;4;4;5;4;3;3;3;4;4;4;2;3;3;3;3;2;21;2;NA;3;1;Sociální práce ;2;NA
3;3;3;3;1;3;3;3;3;1;3;2;3;3;3;2;3;2;2;2;2;2;2;2;2;2;2;2;2;2;4;6;2;6;4;6;6;6;6;5;6;6;2;6;1;6;6;5;5;5;5;5;5;5;5;5;5;5;5;NA;5;NA;5;5;5;5;NA;15;2;NA;1;1;Gymnázium ;2;NA
3;3;1;2;1;1;3;0;1;0;1;1;3;1;0;1;2;2;1;3;1;1;1;0;2;0;1;3;3;2;5;5;3;2;5;5;5;5;4;3;6;6;3;6;2;6;6;5;5;5;5;5;4;5;2;NA;5;NA;5;4;5;5;5;5;5;5;NA;27;1;NA;5;1;kyberbezpečnost;1;kyberbezpečnost
3;3;3;3;3;2;2;1;2;3;3;3;3;2;1;2;3;2;2;2;1;1;1;3;2;3;2;2;2;2;4;4;4;3;3;5;5;4;4;5;5;6;4;3;3;2;5;4;5;5;5;5;5;4;4;3;4;3;4;3;5;4;4;4;3;3;3;20;2;NA;3;1;PedfUk čj-zsv;1;prodavačka 
2;1;1;1;1;2;2;1;1;3;2;1;1;3;0;0;2;1;2;1;1;1;2;3;0;0;2;2;2;2;6;5;5;7;6;6;4;5;5;5;5;6;4;3;1;1;1;5;5;5;5;5;5;5;2;4;5;4;5;3;5;3;5;4;4;3;2;33;2;NA;5;2;NA;2;NA
1;0;0;1;1;1;1;1;1;0;1;3;2;2;0;1;1;1;0;2;1;1;1;0;0;1;1;1;1;2;4;5;5;5;4;6;5;4;4;6;3;5;3;5;2;6;6;NA;NA;NA;NA;NA;NA;NA;NA;NA;NA;NA;NA;NA;NA;NA;NA;NA;NA;NA;NA;22;1;NA;5;1;Informatika;1;Zpracování přirozeného jszyka
1;1;1;1;0;1;0;1;0;3;2;0;0;2;1;0;2;2;2;2;1;1;1;2;0;0;2;2;2;2;5;6;5;6;5;6;5;5;4;6;6;6;5;4;5;6;4;5;5;5;4;5;5;5;3;4;5;5;5;2;5;4;4;4;5;5;2;51;2;NA;6;2;NA;1;Finance
3;3;3;3;0;0;0;2;0;2;3;3;1;0;0;0;3;3;1;0;0;0;0;0;0;3;2;2;2;2;3;4;3;3;7;6;4;4;5;6;6;4;2;1;1;1;3;5;5;5;5;5;5;NA;2;5;5;NA;5;NA;5;4;5;4;NA;NA;NA;30;2;NA;3;2;NA;1;Administrativa
1;1;1;1;1;1;1;1;1;0;1;0;1;1;0;0;1;1;2;1;0;1;1;0;0;1;1;1;2;2;2;2;3;2;3;6;5;6;5;5;4;4;2;4;1;1;4;5;5;5;5;5;5;5;4;5;5;4;5;2;5;2;5;5;5;5;2;27;2;NA;5;1;Sociologie;1;média
0;0;0;0;0;0;0;0;0;0;0;0;0;0;0;0;0;0;0;0;0;0;0;0;0;0;0;0;0;2;7;7;7;7;7;5;5;4;1;2;2;1;1;1;1;1;1;5;5;5;5;3;4;5;5;3;3;2;2;5;5;2;2;2;1;1;1;47;2;NA;5;2;NA;1;NA
3;2;3;3;2;3;3;1;2;2;3;1;1;1;0;0;1;1;0;1;0;0;1;1;0;1;0;0;0;2;3;4;5;4;5;6;5;2;4;4;6;2;1;1;1;1;1;5;5;5;5;5;5;4;5;5;1;5;4;4;4;5;4;3;3;1;1;38;1;NA;3;2;NA;1;IT
2;2;2;2;1;1;2;3;2;0;1;2;2;3;2;2;3;3;3;2;2;2;2;0;2;3;1;1;3;2;5;5;3;4;2;6;6;6;4;6;6;4;3;1;1;1;4;5;5;5;5;5;5;5;4;4;5;4;4;2;5;4;5;5;4;4;3;53;1;NA;6;2;NA;1;IT
0;NA;2;3;0;2;2;2;1;2;0;0;2;3;0;1;2;2;2;2;1;1;1;1;0;2;2;3;3;2;2;3;3;2;2;6;4;6;5;4;2;2;4;1;1;1;1;5;5;5;5;5;3;5;1;5;5;NA;NA;1;5;1;5;4;5;3;1;37;1;NA;6;1;NA;1;NA
1;0;0;0;0;0;0;0;0;0;1;1;0;0;0;0;0;0;0;0;0;0;1;0;0;0;1;1;2;2;6;6;6;6;5;6;4;2;6;5;5;2;1;4;3;3;3;5;5;4;3;4;4;4;1;4;5;3;4;5;5;1;5;3;4;4;3;22;1;NA;3;1;Dopravní systémy a technika;1;Dopravní inženýrství
1;0;1;1;0;0;0;0;0;0;0;0;0;0;0;0;1;0;0;0;0;0;0;0;0;0;0;0;0;2;5;6;5;5;4;6;4;2;2;4;3;1;1;4;1;1;2;5;4;4;2;2;1;1;2;2;4;3;2;4;3;2;2;4;1;1;1;47;1;NA;6;2;NA;1;konzultant v ochraně životního prostředí
1;0;1;0;1;0;1;0;0;0;1;0;1;1;0;0;0;0;0;0;0;0;0;0;0;0;0;0;0;2;4;4;4;2;1;5;4;2;5;5;5;1;1;4;3;3;4;2;2;2;2;2;2;2;2;2;2;4;1;4;1;2;1;1;1;1;1;27;1;NA;3;2;NA;1;IT
1;1;0;1;1;0;3;1;1;0;1;0;1;1;0;0;1;1;0;0;3;2;3;0;2;2;1;2;3;2;3;5;4;4;2;6;2;5;5;5;5;3;3;5;2;5;3;5;5;5;5;5;5;5;1;5;5;5;5;2;5;2;5;5;5;5;4;45;1;NA;6;2;NA;1;výzkum
0;0;0;0;1;2;0;1;0;3;3;2;0;0;0;0;1;0;0;0;0;0;0;1;2;0;0;0;0;2;3;4;4;4;4;6;5;2;4;5;2;3;2;3;2;1;1;5;5;5;5;5;5;4;4;3;3;4;5;4;4;5;5;4;4;2;1;43;1;NA;3;2;NA;1;Analytická podpora farmaceutického průmyslu
0;0;0;2;0;1;1;0;0;0;1;0;0;0;0;0;0;0;0;0;0;0;1;0;1;0;1;1;1;2;6;4;5;5;4;5;5;6;3;5;2;4;1;4;5;6;6;5;5;5;5;5;4;4;1;4;5;NA;4;1;5;NA;4;5;NA;3;2;49;1;NA;3;2;NA;1;nezisková organizace
3;1;0;1;0;1;0;0;1;0;1;0;1;3;1;0;1;0;0;1;0;0;0;0;0;0;1;1;2;2;5;5;5;4;6;5;4;6;3;3;4;2;1;4;6;6;2;4;5;4;5;4;4;5;4;4;5;4;4;3;3;3;4;3;2;4;3;41;2;NA;6;2;NA;1;Digitalni technologie a obcanska spolecnost
1;1;2;2;1;1;1;1;1;2;2;1;0;3;0;0;2;2;1;2;1;2;3;2;1;2;2;2;3;2;5;3;5;3;4;6;3;6;6;6;6;6;1;3;2;3;3;4;4;4;5;5;5;5;2;5;5;5;5;2;5;3;5;5;5;5;2;28;3;NA;6;2;NA;1;nezisk)
3;3;3;3;1;2;3;2;2;2;2;2;3;2;1;2;3;3;3;3;2;2;1;1;2;1;3;3;3;2;5;5;5;5;5;6;5;5;5;5;5;4;3;4;4;5;3;5;5;5;5;5;5;5;2;5;5;5;5;2;5;5;5;5;2;5;2;34;2;NA;6;1;Právo;1;PR
1;0;0;1;0;1;1;1;0;1;1;0;1;1;0;0;1;1;0;1;2;1;1;1;0;1;2;1;1;2;4;5;5;5;4;6;5;6;6;5;5;5;3;4;2;1;1;5;4;4;5;5;5;5;3;4;4;3;4;3;4;4;5;3;3;4;3;42;1;NA;5;2;NA;1;zdravotnictví 
1;1;1;1;0;1;1;1;1;1;1;1;1;1;0;1;1;0;1;1;1;1;1;1;0;1;1;2;1;2;5;6;4;3;2;6;4;4;6;6;3;3;4;4;2;1;3;5;5;5;5;5;4;5;2;4;5;4;5;1;5;2;5;5;5;4;2;43;1;NA;6;2;NA;1;geologie
1;1;1;1;1;1;0;1;1;2;2;2;1;3;1;0;1;0;1;1;1;1;1;1;1;1;0;0;0;2;5;5;5;4;3;6;5;4;4;6;5;3;3;6;5;6;3;5;5;5;5;5;5;5;3;5;5;5;5;1;5;2;4;5;4;4;4;54;1;NA;5;2;NA;1;Státní správa 
2;2;2;2;1;1;1;1;1;2;3;3;1;1;1;0;1;1;1;1;1;1;1;2;1;2;0;1;2;2;4;5;2;4;2;6;5;4;5;5;5;4;3;3;3;6;6;5;5;5;5;5;5;5;4;5;5;5;5;2;5;2;5;5;5;5;1;28;2;NA;3;1;Sociologie, ekonomie;2;NA
1;0;1;0;0;1;0;1;1;1;1;0;0;0;0;0;1;0;1;0;0;0;0;1;1;0;0;0;0;2;5;5;5;6;5;6;4;2;3;5;4;1;1;2;2;3;3;4;3;5;4;3;5;3;4;3;3;2;3;4;3;3;3;2;1;2;2;54;1;NA;6;2;NA;1;NA
1;0;0;1;0;1;1;1;1;3;2;2;0;1;0;0;3;1;3;2;2;0;3;3;3;2;1;1;0;2;5;7;6;7;4;6;4;6;6;5;5;3;3;4;3;1;2;5;5;5;5;5;5;5;1;4;5;4;5;2;4;4;5;5;2;5;2;41;1;NA;3;2;NA;1;Pojišťovnictví 
1;2;2;2;2;2;0;1;1;2;1;2;1;0;0;1;3;2;2;1;1;1;1;2;0;2;1;2;2;2;4;2;4;5;3;6;4;5;5;6;6;6;4;6;6;6;5;5;5;5;5;5;5;5;2;5;5;4;5;1;5;4;5;5;5;5;3;37;1;NA;3;2;NA;1;NGO
2;2;3;2;1;1;1;0;1;1;1;1;1;1;0;0;1;2;2;1;3;3;3;1;1;1;2;2;2;2;4;4;4;4;3;6;4;4;4;6;5;3;3;4;3;4;3;5;5;5;5;5;5;5;1;5;5;4;5;1;5;4;5;5;4;4;4;38;1;NA;6;1;Doktorský výzkum;1;Žurnalistika a analytika 
1;1;1;1;0;1;1;1;1;0;1;1;1;0;0;0;1;0;0;1;0;0;0;0;0;0;1;1;1;2;3;3;4;3;2;5;3;5;6;5;5;1;1;3;1;3;1;5;5;5;5;NA;5;4;2;4;5;NA;NA;1;5;2;4;5;NA;NA;1;37;1;NA;6;2;NA;1;NA
2;0;1;2;0;1;0;0;0;2;0;1;1;0;0;0;1;0;0;1;0;0;0;2;1;0;1;1;0;2;3;4;3;3;1;5;4;4;4;4;5;1;1;3;3;5;2;5;5;5;5;5;5;3;1;4;5;NA;5;4;5;2;5;4;1;NA;2;42;2;NA;6;2;NA;1;Pomáhající profese a vzdělávání 
1;1;1;1;1;1;1;0;0;1;1;1;1;2;0;0;1;0;0;1;0;1;0;0;0;0;1;1;1;2;2;5;5;2;1;5;4;5;3;5;2;2;1;2;1;1;1;5;5;5;5;4;5;2;4;4;4;3;3;4;3;3;5;3;1;3;2;35;2;NA;5;1;Marketing;1;Filmová produkce
2;1;1;2;2;3;1;1;1;3;1;3;0;1;2;1;2;1;0;1;3;3;3;3;2;1;1;1;2;2;5;4;5;3;3;5;6;4;6;6;6;6;3;6;6;6;6;5;5;5;5;5;5;5;3;3;5;5;4;3;5;4;5;5;5;5;5;29;1;NA;6;2;NA;1;Informatika
3;3;3;3;0;1;3;2;3;3;3;3;3;2;0;3;2;1;1;1;1;1;1;1;1;1;1;3;2;2;1;3;2;2;1;6;4;3;5;5;6;6;4;4;1;2;3;5;5;5;5;5;5;5;3;5;5;4;5;3;5;2;4;4;4;5;1;38;2;NA;6;2;NA;1;Komerční nakladatelství.
1;1;1;1;0;0;0;1;0;1;1;1;1;0;0;0;0;0;0;0;0;0;0;0;0;0;0;0;0;2;6;6;6;7;6;5;4;4;3;3;5;1;1;1;1;3;1;4;4;3;4;4;4;1;3;3;1;2;2;4;4;5;4;2;1;2;2;40;2;NA;3;2;NA;1;IT
1;1;1;1;1;1;1;0;0;0;1;0;1;1;0;0;1;1;1;1;1;1;1;1;0;1;1;1;1;2;7;6;6;7;5;6;5;6;6;6;6;6;6;2;1;1;1;5;5;5;5;5;5;5;NA;NA;5;NA;NA;1;5;1;5;5;5;5;NA;43;2;NA;6;2;NA;1;Věda a výzkum 
2;2;2;2;0;2;0;3;3;3;3;2;0;0;0;1;1;1;1;1;1;1;2;3;0;2;1;0;0;2;2;2;2;1;1;6;4;6;6;5;5;6;2;2;1;4;3;5;5;5;5;5;5;5;NA;5;5;NA;5;1;5;2;5;4;5;NA;NA;29;2;NA;6;2;NA;1;Odborové organizování 
2;1;1;3;0;1;0;1;1;0;1;1;3;1;0;0;3;2;1;1;2;1;1;0;2;1;2;2;2;2;3;5;3;4;2;6;5;3;5;6;6;4;3;5;1;4;1;5;5;5;5;5;5;5;2;4;5;5;5;2;5;3;5;5;5;5;1;48;1;NA;6;2;NA;1;mezinárodní organizace - překladatelské služby
1;1;1;1;1;1;1;1;1;1;1;1;1;1;1;1;1;1;1;2;0;0;0;2;0;1;1;1;1;2;5;5;5;4;4;6;5;6;5;4;5;6;4;4;3;4;4;5;5;5;5;5;4;5;2;5;5;5;5;1;5;3;5;5;5;3;4;33;2;NA;6;1;Socialni politika;1;Psychoterapie
1;0;0;1;0;0;1;1;0;2;2;1;0;1;0;0;1;0;0;0;1;1;2;2;1;0;0;0;1;2;5;3;4;3;3;3;3;2;4;4;1;2;1;3;1;4;1;4;5;5;5;4;5;4;4;4;4;5;4;4;5;5;4;3;3;2;2;76;1;NA;6;2;NA;2;NA
3;3;3;3;1;3;3;2;3;2;3;2;3;3;0;2;3;3;3;3;1;2;1;2;2;3;3;3;3;2;3;3;2;2;1;4;3;6;5;5;4;NA;2;5;1;5;5;5;4;5;5;5;3;5;1;5;5;3;5;2;5;2;5;5;5;5;3;21;2;NA;3;1;Český jazyk a literatura ;1;Administrace
3;2;2;1;2;1;1;1;1;2;1;2;1;1;0;1;2;2;2;1;2;3;2;2;1;2;2;2;2;2;5;5;5;5;4;5;4;6;3;5;5;6;4;5;4;6;5;5;5;5;5;5;5;5;1;5;5;5;3;1;5;2;5;4;5;3;1;21;1;NA;3;1;Environmentalni studia a ekonomie ;1;neziskovy sektor
1;1;1;0;0;0;1;2;0;1;2;2;3;0;0;0;1;1;0;0;0;0;0;1;2;2;0;0;1;2;2;2;2;2;2;6;4;3;5;5;6;1;1;2;2;2;2;5;5;5;2;2;2;4;2;3;4;1;1;2;4;1;2;3;2;1;1;66;2;NA;3;2;NA;2;NA
3;2;2;1;1;1;1;1;1;1;3;1;2;2;2;0;1;1;2;1;1;1;1;2;2;1;1;1;2;2;4;4;3;4;4;5;4;6;4;5;4;3;3;4;3;6;5;5;5;5;5;5;4;5;NA;4;5;5;4;NA;4;NA;5;3;4;NA;NA;34;2;NA;6;2;NA;1;HR
1;1;1;1;0;1;1;1;1;3;3;1;1;0;0;0;3;1;1;3;1;0;2;0;1;1;3;3;3;2;5;5;5;5;3;6;4;6;5;5;5;6;6;2;1;1;1;5;5;5;5;5;4;4;1;3;5;4;NA;3;4;3;5;5;5;5;3;29;2;NA;6;2;NA;1;Datová analýza 
1;0;0;0;0;1;1;0;1;1;0;0;0;1;0;0;0;0;0;0;1;1;0;0;0;0;0;0;0;2;6;7;6;4;4;5;3;2;2;4;3;1;1;5;1;1;1;1;1;1;1;1;1;1;3;4;4;5;5;4;4;4;4;5;3;3;3;39;1;NA;5;2;NA;1;IT
2;3;2;3;1;2;0;3;2;1;2;3;2;2;1;0;2;1;2;1;2;1;3;1;1;2;2;2;3;2;4;5;3;5;2;6;5;6;4;4;5;1;2;1;1;1;1;4;4;4;4;5;5;5;2;3;5;4;4;3;5;4;5;4;2;3;2;34;1;NA;2;2;NA;1;e-commerce
1;0;2;2;3;3;0;1;1;1;1;3;1;3;2;1;1;0;0;0;0;0;0;1;1;1;2;2;2;2;6;6;7;7;6;6;5;4;3;3;5;2;3;2;3;6;3;5;5;5;5;5;5;4;NA;5;5;NA;4;NA;5;NA;4;NA;NA;NA;NA;36;2;NA;6;2;NA;1;NGO - socialni sluzby
3;2;3;2;0;2;2;2;2;3;3;3;3;0;1;0;0;0;0;0;0;0;0;1;0;0;0;0;1;2;3;2;2;1;1;5;4;3;4;5;5;1;1;1;1;1;1;5;5;5;5;5;5;5;3;5;5;3;4;2;2;4;4;2;1;3;2;41;2;NA;6;2;NA;1;učitelka
3;0;0;0;0;1;0;0;0;0;1;1;0;0;0;0;3;0;0;0;0;0;0;1;0;0;0;0;0;2;5;1;5;6;2;6;3;3;4;5;6;1;1;1;1;3;2;4;4;4;5;3;4;3;4;2;3;2;3;5;2;2;2;2;1;1;1;30;3;NA;5;2;NA;1;it
0;1;1;1;2;1;1;1;0;1;1;1;1;1;0;0;1;1;1;0;1;1;1;0;0;1;1;1;2;2;3;4;4;3;4;4;3;4;5;5;3;4;4;4;4;4;4;5;5;5;5;5;5;5;NA;5;5;4;5;1;5;3;5;5;5;5;4;51;1;NA;3;2;NA;1;Služby
2;1;1;1;0;1;0;0;1;1;1;0;0;1;0;0;1;1;1;1;1;1;1;1;0;1;1;1;2;2;5;4;6;5;3;5;4;5;5;4;3;6;3;4;3;6;4;5;5;5;5;5;5;5;1;4;5;3;5;2;5;3;5;5;3;NA;1;30;2;NA;6;2;NA;1;neziskový sektor
3;2;2;2;1;3;2;2;1;3;3;1;2;3;1;0;3;1;1;0;2;2;3;3;1;1;3;3;3;2;4;6;5;4;5;6;6;5;6;6;5;6;3;5;2;1;3;5;5;5;5;5;5;5;NA;2;5;4;5;2;5;4;5;5;5;4;NA;48;2;NA;6;2;NA;1;školství
2;2;2;2;1;2;0;1;1;1;1;1;1;1;2;0;2;1;1;1;1;1;1;0;0;0;1;1;1;2;3;3;3;4;5;5;4;6;5;5;6;1;3;1;1;1;1;5;5;5;5;5;5;5;3;4;5;3;5;3;5;3;4;5;4;5;5;45;3;NA;5;2;NA;1;IT
1;1;1;1;0;1;0;2;1;0;0;1;1;1;0;1;1;1;1;1;0;1;1;0;0;1;1;1;1;2;5;5;5;5;5;6;4;6;6;5;5;6;2;5;1;5;5;5;5;4;4;4;4;5;4;5;5;4;NA;NA;4;4;5;NA;NA;NA;NA;24;2;NA;5;2;NA;1;školství
3;3;3;2;3;2;1;2;2;1;3;1;3;3;1;0;1;1;0;1;2;1;1;1;3;3;1;0;3;2;3;3;4;3;4;5;4;6;5;5;6;6;3;5;3;5;5;5;5;4;4;5;4;3;1;4;5;4;5;1;5;1;5;4;4;5;2;23;4;nevěřím na existenci genderu, ale společnost mě vidí jako ženu;3;1;architektura a urbanismus;2;NA
1;1;1;1;0;1;0;2;2;0;2;2;1;0;0;0;1;0;1;0;0;1;1;0;2;0;0;1;1;2;5;5;3;4;2;6;5;4;6;5;6;2;3;4;4;4;2;5;5;5;5;4;4;5;2;5;5;4;5;2;4;3;5;5;3;2;1;32;1;NA;6;2;NA;1;IT
2;1;1;1;0;1;1;1;1;1;2;0;1;1;0;1;2;2;2;2;2;2;2;1;1;1;2;2;3;2;4;6;5;5;3;6;3;3;3;3;5;1;1;1;1;1;1;5;5;5;5;4;4;4;4;3;5;4;4;5;5;4;3;3;2;4;2;33;2;NA;6;2;NA;2;NA
1;2;1;2;0;0;0;0;0;0;1;1;1;0;0;0;0;0;0;0;0;0;0;0;1;0;1;0;0;2;4;5;3;5;6;5;3;4;5;4;3;3;2;2;1;1;1;5;5;5;5;5;4;4;NA;4;5;1;3;4;4;3;5;2;2;4;NA;24;1;NA;6;1;jaderná chemie;1;ve výzkumu
3;1;2;1;1;1;0;2;1;3;3;3;1;3;0;1;2;1;1;1;2;1;1;2;1;2;3;3;1;2;3;2;4;3;5;5;4;5;2;3;4;6;2;5;1;2;5;5;5;5;5;5;5;5;5;5;5;4;5;4;5;4;4;5;5;4;4;24;2;NA;5;1;Dějiny umění;1;Služby, výzkum
1;0;0;0;0;0;0;1;0;1;2;2;0;0;0;0;0;0;0;0;0;0;0;0;0;0;0;0;0;2;4;4;5;3;3;5;3;2;4;5;5;1;1;1;1;1;1;4;4;4;4;4;4;3;3;2;5;3;3;5;3;2;2;3;2;1;1;52;2;NA;3;2;NA;1;KOMINICTVÍ, STAVEBNÍ CHEMIE
0;0;1;0;0;0;0;1;1;0;1;0;1;0;0;0;1;0;0;0;0;0;0;0;0;0;1;1;1;2;3;4;3;5;3;6;4;6;6;5;6;3;4;4;2;2;3;5;5;5;4;4;4;5;NA;4;4;3;1;5;3;3;4;2;1;1;1;33;1;NA;3;2;NA;1;Marketing
1;1;1;1;0;1;0;1;0;0;0;1;0;0;0;0;1;0;0;0;1;0;0;0;1;0;0;0;0;2;5;5;5;7;4;5;4;3;4;2;3;1;1;4;1;1;3;5;4;4;3;5;4;4;2;3;5;5;5;4;4;3;5;5;3;5;3;34;1;NA;5;2;NA;1;IT
3;2;2;2;1;2;1;2;1;3;3;3;1;3;1;0;3;1;2;1;1;1;1;3;2;3;1;1;1;2;2;2;4;4;3;6;5;6;6;4;6;2;2;2;1;5;2;5;5;5;5;5;5;5;2;5;4;NA;4;3;4;4;4;2;3;3;2;34;2;NA;6;2;NA;1;neziskový sektor - migrace a vzdělávání
1;0;1;1;0;1;0;0;0;1;1;1;1;1;0;0;0;0;0;0;0;0;0;0;0;1;0;0;0;2;5;5;5;5;4;6;3;3;3;5;6;1;1;1;1;1;1;5;5;5;5;2;4;1;4;5;4;5;5;4;5;5;5;3;1;1;1;29;1;NA;6;1;Political science;1;NA
1;0;0;0;0;1;0;1;0;2;2;0;0;3;0;0;0;0;0;0;1;0;2;1;0;2;0;1;0;2;6;6;6;4;5;6;5;5;5;5;6;5;2;4;4;6;2;5;5;5;5;5;5;5;1;5;4;NA;5;2;5;5;5;4;1;NA;NA;48;1;NA;6;2;NA;1;zoologie/nevládní organizace 
0;0;0;0;0;1;0;0;0;0;1;0;0;1;0;0;2;1;1;1;1;1;0;0;0;0;1;1;1;2;5;5;5;5;4;6;5;5;6;5;5;4;3;4;2;2;3;5;5;5;5;5;5;4;3;4;5;4;4;5;5;4;4;4;2;4;4;44;1;NA;6;2;NA;1;Nadace
3;2;1;1;NA;2;3;3;3;3;3;3;3;3;1;2;2;1;1;1;0;0;1;1;1;1;1;1;1;2;4;6;5;6;3;6;5;5;5;5;5;3;3;2;1;6;1;5;5;5;5;4;4;4;2;4;5;5;5;5;4;4;4;4;2;3;3;40;2;NA;4;2;NA;1;Ochrana zivotniho prostredi
2;1;3;1;0;1;0;1;1;3;1;0;1;1;0;0;1;1;0;3;0;0;0;2;2;2;1;1;0;2;7;6;6;3;3;6;5;3;5;4;6;2;2;1;1;1;1;5;5;5;5;4;4;5;1;2;5;NA;4;NA;NA;4;5;5;4;2;1;43;1;NA;5;2;NA;1;Stavebnictví 
0;0;1;0;0;1;0;1;0;0;1;0;0;0;0;0;0;0;0;0;1;1;2;0;0;1;1;1;2;2;2;7;5;7;2;6;5;6;6;5;5;5;4;2;1;1;2;NA;NA;NA;NA;NA;NA;NA;NA;NA;NA;NA;NA;NA;NA;NA;NA;NA;NA;NA;NA;46;2;NA;4;2;NA;1;psychoterapie
3;3;3;3;0;2;0;2;1;0;3;0;2;3;1;0;1;2;1;0;0;0;0;1;2;3;0;0;0;2;2;6;3;6;2;6;4;3;3;6;4;3;1;1;1;1;1;5;5;5;5;5;5;NA;2;1;5;NA;4;5;5;4;2;4;1;1;1;40;1;NA;5;2;NA;1;školství
1;0;0;1;0;1;0;1;1;2;1;1;1;0;0;1;3;1;1;3;2;2;3;1;0;1;2;1;3;2;5;6;5;5;3;6;5;6;6;5;5;6;3;5;2;2;3;5;5;5;5;5;5;5;3;5;5;5;5;3;4;3;5;5;5;5;3;32;2;NA;6;2;NA;1;lektorka dramaticke vychovy, jogy a komunikace
2;1;1;3;3;2;1;1;1;1;2;0;1;3;3;1;1;1;1;1;0;1;2;0;0;1;2;2;1;2;4;3;5;4;3;5;4;5;4;5;3;4;4;4;3;5;3;5;5;5;5;5;5;5;1;5;5;4;5;1;5;4;5;3;5;3;2;41;1;NA;6;2;NA;1;Sociální práce 
2;2;2;2;1;3;1;3;3;2;3;0;3;2;0;1;0;0;0;1;1;1;1;2;2;2;1;0;0;2;2;2;2;1;1;6;5;4;5;6;4;2;2;1;3;3;3;5;5;5;5;4;4;5;1;5;5;3;4;2;4;1;5;3;3;4;1;41;2;NA;6;2;NA;1;Administrativa v zemědělství 
1;0;0;0;0;0;0;1;0;0;1;0;0;1;0;0;1;0;0;0;0;0;0;1;0;0;0;0;0;2;5;7;6;6;6;5;4;3;5;5;5;1;1;3;1;1;1;5;4;4;4;2;5;4;2;NA;3;NA;2;5;3;2;4;2;2;2;2;45;1;NA;6;2;NA;1;vyzkum
1;0;1;2;0;1;0;1;0;1;1;0;0;1;0;1;1;1;1;1;2;1;2;1;1;0;1;2;2;2;6;3;5;5;5;5;5;6;6;5;5;5;4;6;6;6;6;5;5;5;5;5;5;5;1;5;5;5;5;1;5;1;5;5;5;5;5;29;1;NA;6;2;NA;1;výzkum
0;0;0;0;0;0;0;0;0;0;0;0;0;0;0;0;0;0;0;0;0;0;0;0;0;0;0;0;0;2;6;6;6;7;6;5;2;3;3;5;3;1;1;1;1;1;3;5;4;4;4;3;3;2;3;2;2;3;3;4;3;2;2;2;1;1;1;39;2;NA;6;2;NA;1;Finance
1;1;0;0;0;0;0;0;0;0;0;0;0;0;0;0;0;0;0;0;0;0;0;0;0;0;0;0;0;2;6;6;6;6;5;6;3;2;5;5;5;1;1;4;3;3;6;3;2;5;2;1;4;1;2;4;3;5;3;5;2;1;1;1;1;2;1;49;1;NA;6;2;NA;1;Zemědělství 
2;1;2;3;3;2;2;3;3;3;3;2;3;2;0;3;3;2;2;1;0;0;0;3;1;2;1;2;3;2;1;2;1;2;1;3;2;3;5;3;6;2;1;3;1;1;1;5;5;5;5;5;4;5;4;5;5;2;5;3;5;2;4;5;5;4;3;23;2;NA;3;2;NA;2;NA
1;0;1;1;0;1;1;0;1;0;2;0;2;0;0;0;1;0;0;1;0;0;0;0;0;1;0;0;0;2;1;4;3;3;1;3;2;2;1;1;3;1;1;1;1;1;1;1;2;2;5;5;3;5;NA;5;3;5;5;NA;5;NA;5;5;5;5;5;32;1;NA;6;2;NA;1;tajné
1;1;1;0;0;1;1;1;0;1;1;0;0;1;0;0;1;1;1;1;2;1;1;1;0;1;1;1;1;2;6;6;6;6;5;6;4;3;4;4;4;1;3;3;2;1;2;5;5;5;5;4;5;5;2;2;5;4;4;3;5;5;4;4;3;4;3;38;2;NA;6;2;NA;1;laboratoř
2;1;2;2;1;2;1;1;0;1;2;1;0;1;1;0;1;0;1;1;0;1;1;0;1;0;2;1;0;2;5;6;5;6;5;5;4;5;4;5;5;4;3;5;2;6;4;5;5;5;5;5;5;5;NA;4;5;4;4;1;4;2;5;5;5;2;2;30;2;NA;6;2;NA;1;věda a výzkum
3;2;2;1;1;1;1;2;1;0;3;0;3;3;3;1;1;3;2;3;1;1;3;1;1;3;3;3;3;2;2;4;1;4;1;5;5;5;6;5;5;5;3;5;1;2;2;5;5;5;5;4;3;5;1;4;5;4;4;3;3;1;5;4;4;2;5;32;1;NA;6;2;NA;1;Advokacie
1;0;1;0;0;1;0;1;1;1;1;0;1;0;0;0;1;0;1;1;0;0;1;1;0;1;1;1;1;2;5;4;6;5;7;6;3;3;6;6;5;4;2;3;1;2;4;5;5;5;5;5;5;5;3;3;5;NA;NA;4;4;NA;4;NA;2;4;2;29;1;NA;3;1;Historie / společenské vědy;1;Vzdělávání
3;2;2;3;2;1;2;3;2;2;3;3;3;1;2;2;1;2;2;1;1;1;1;1;3;2;1;3;3;2;2;4;2;3;1;6;3;5;2;5;4;1;1;4;1;1;2;5;5;5;5;5;4;4;NA;5;5;4;5;NA;5;4;5;5;2;5;3;28;1;NA;3;2;NA;2;NA
2;2;1;1;0;1;1;2;1;1;1;0;2;1;0;0;1;1;1;1;1;1;1;1;1;1;1;1;2;2;5;4;4;3;2;5;4;5;3;5;5;6;4;4;1;5;3;5;5;5;5;5;NA;5;4;4;5;4;5;1;4;5;4;5;5;5;4;40;1;NA;3;2;NA;1;Potravinarstvi
3;1;2;3;1;2;0;1;1;3;3;3;2;0;1;1;1;1;2;1;2;0;1;3;3;1;0;1;3;2;5;5;3;5;2;6;5;6;3;4;5;6;6;3;1;3;4;5;5;5;5;5;2;5;1;5;5;5;5;2;5;1;5;5;5;5;4;29;1;NA;6;2;NA;1;Design služeb a uživatelský výzkum
1;1;1;1;1;2;1;1;1;2;1;1;1;1;2;0;2;1;1;1;2;2;2;2;1;1;2;1;2;2;5;4;5;3;3;5;4;6;4;4;4;6;4;5;4;4;5;5;5;5;5;5;5;5;5;5;5;5;5;5;5;5;5;5;5;5;5;34;1;NA;5;2;NA;1;Popularizace vědy 
1;0;0;0;0;0;0;1;0;1;1;1;0;0;0;0;0;0;0;0;0;0;0;0;0;0;0;0;0;2;4;6;6;5;5;3;1;1;2;3;4;1;1;1;1;1;1;5;5;5;5;5;5;5;5;5;5;5;5;4;5;5;5;5;5;5;5;51;1;NA;4;2;NA;1;IT
3;3;3;2;1;2;0;3;3;1;3;2;1;2;1;3;1;1;2;0;2;0;1;1;2;1;3;3;3;2;5;5;3;6;3;6;5;6;6;6;6;1;1;1;2;1;1;5;5;5;5;5;5;5;1;4;5;5;5;2;4;4;5;5;1;NA;NA;30;2;NA;5;2;NA;1;sociální služby v neziskovém sektoru
1;1;1;0;0;1;1;0;0;1;1;1;0;3;0;0;1;1;1;1;1;1;1;0;0;0;2;2;2;2;6;6;6;6;6;6;4;4;5;6;5;2;4;4;1;2;2;5;5;5;5;5;5;5;NA;4;5;5;5;NA;4;4;4;4;NA;NA;2;33;2;NA;6;2;NA;1;Mezinárodní vztahy
2;1;2;2;0;2;0;2;0;0;2;0;1;2;0;0;0;0;1;0;0;0;1;0;0;0;1;0;0;2;2;4;4;2;3;5;2;3;5;5;6;1;1;2;1;1;1;5;5;1;1;4;4;2;1;2;4;3;3;5;2;2;2;2;1;1;1;37;1;NA;6;2;NA;1;Stavebnictví
1;1;1;1;0;0;0;1;0;0;0;0;0;0;0;0;0;0;0;0;0;0;0;0;0;0;0;0;0;2;2;5;3;2;2;6;4;4;3;4;2;1;1;1;2;1;1;5;5;5;5;4;5;3;2;1;5;4;5;2;4;2;4;4;1;4;1;39;1;NA;6;2;NA;1;NA
2;2;1;2;1;2;1;1;1;1;2;0;2;1;0;0;2;2;1;1;1;1;1;1;1;2;2;2;1;2;5;5;6;6;5;5;5;5;5;5;6;1;3;4;2;1;2;5;5;5;5;5;5;4;3;3;4;4;4;3;4;3;4;4;4;3;3;34;2;NA;6;2;NA;1;Věda
3;3;3;2;3;1;3;3;2;1;1;2;3;3;2;1;3;3;3;3;1;1;0;2;1;1;0;0;0;2;1;4;3;1;4;5;4;4;5;2;5;2;1;4;1;1;1;5;5;5;5;5;5;5;3;5;5;5;5;4;5;2;4;4;4;5;2;23;1;NA;3;1;CVUT FIT;1;it
1;1;1;2;0;0;1;2;1;0;0;0;0;0;0;1;2;1;1;1;3;1;2;0;1;1;1;2;2;2;5;6;3;6;5;6;2;3;6;5;6;1;2;2;1;1;1;5;5;4;5;5;4;5;2;4;5;5;5;3;5;4;5;5;4;5;2;22;1;NA;5;1;Fyzikální inženýrství;2;NA
1;1;0;0;0;1;1;0;1;0;1;0;1;2;0;0;1;0;0;1;1;0;1;0;1;0;3;2;2;2;2;4;5;2;3;6;3;6;6;3;6;6;1;2;3;1;1;5;5;5;5;4;4;3;1;4;4;5;4;1;5;4;4;5;1;2;2;31;1;NA;3;2;NA;1;Logistika
3;1;3;3;3;3;3;3;3;1;2;1;1;1;1;0;3;1;1;0;1;1;1;0;1;1;0;1;1;2;4;3;4;4;2;5;4;6;3;4;4;5;3;2;1;3;3;5;5;5;5;5;5;5;2;5;5;NA;5;3;5;4;5;4;5;5;3;31;2;NA;6;2;NA;1;ngo
1;0;1;0;0;1;1;0;0;1;1;1;0;0;0;0;0;0;0;0;0;0;0;0;0;0;0;0;0;2;7;6;6;5;5;6;1;1;5;3;3;1;1;1;1;1;1;5;4;4;4;4;3;4;5;2;4;3;4;5;3;4;5;4;1;1;2;20;1;NA;3;1;Právo a právní věda;2;NA
0;0;0;0;0;0;0;1;0;0;0;0;0;0;0;0;0;0;0;0;0;0;0;0;0;0;0;0;0;2;6;5;5;4;3;5;2;3;4;4;3;1;1;4;3;4;2;5;5;5;5;5;5;2;1;3;2;3;4;1;5;3;3;4;2;3;1;31;1;NA;6;2;NA;1;Obchod 
2;3;3;3;3;1;2;1;1;2;3;0;1;1;0;1;2;1;1;1;1;1;1;0;0;1;1;0;2;2;3;6;3;5;6;6;4;3;5;6;6;1;1;1;1;1;1;5;NA;5;5;5;NA;4;NA;2;5;NA;4;4;4;3;4;4;4;2;2;23;5;NA;3;1;NA;2;NA
2;2;2;2;1;1;0;0;0;2;2;1;1;0;0;0;2;1;1;2;1;2;2;2;1;2;3;2;3;2;4;5;5;5;5;6;6;4;5;6;5;6;3;4;1;1;3;5;5;5;5;5;4;5;5;2;5;4;4;4;5;4;5;4;2;4;3;22;2;NA;3;1;Práva;2;NA
1;0;1;1;1;2;1;1;2;2;2;2;1;2;0;0;1;1;1;0;1;0;0;1;0;0;2;1;1;2;4;5;5;5;2;5;3;3;4;4;3;3;1;3;1;1;1;5;5;5;5;5;5;4;3;4;5;4;3;4;5;2;4;4;2;4;3;35;1;NA;5;2;NA;1;Zdravotnictví, L&D
0;0;0;0;0;0;0;0;0;0;0;0;0;0;0;0;0;0;0;0;0;0;0;0;0;0;0;0;0;2;7;7;7;7;7;3;1;1;1;1;1;1;1;1;1;1;1;3;3;1;1;1;3;1;4;1;1;1;1;5;NA;1;1;1;1;1;1;47;1;NA;6;2;NA;1;IT
1;3;3;2;2;3;0;1;3;0;1;1;3;3;3;3;3;3;3;1;3;2;2;0;1;1;3;3;3;2;2;3;2;4;1;6;6;6;4;5;5;6;3;6;2;6;3;5;5;5;5;5;5;5;NA;5;5;5;5;1;5;5;5;5;5;5;1;37;5;NA;6;2;NA;1;Kultura
1;1;1;1;0;1;0;1;0;0;1;0;0;0;0;0;1;1;1;1;0;0;0;0;0;0;0;1;0;2;6;5;6;6;5;6;2;5;4;3;3;4;2;3;1;3;3;5;5;5;5;5;5;5;NA;5;5;5;5;2;5;2;5;NA;5;NA;NA;23;1;NA;5;1;Mediální studia, Romistika;1;neziskový sektor (oblast vzdělávání), média
1;0;1;1;0;1;0;1;0;0;1;2;0;0;0;0;0;0;0;0;0;0;0;0;0;0;0;0;0;2;6;5;5;5;6;6;5;4;6;6;6;1;2;1;1;6;2;5;5;4;5;5;3;3;3;5;4;3;4;4;4;4;4;4;2;2;1;40;2;NA;5;2;NA;1;Socialni sluzby
0;0;0;0;0;0;0;1;0;0;1;1;0;0;0;0;0;0;0;0;0;0;0;0;0;0;0;0;0;2;5;5;5;5;4;6;4;2;5;5;4;2;2;3;2;2;1;NA;5;5;5;4;4;NA;NA;3;4;NA;4;5;5;4;4;4;1;1;1;71;1;NA;6;2;NA;2;NA
1;1;0;2;1;1;1;1;0;0;1;2;1;1;0;1;1;0;0;1;0;0;0;0;0;0;0;0;1;2;3;5;3;2;3;5;5;4;4;4;4;2;1;3;1;1;1;5;5;5;5;2;5;5;2;4;5;4;4;2;4;2;4;4;2;2;2;33;1;NA;3;1;Ekologické zemědělství;1;Polygrafie
1;1;1;1;0;1;0;0;0;0;1;0;0;0;0;0;0;0;0;0;0;0;0;0;0;0;0;0;0;2;6;5;6;6;5;6;4;5;4;5;4;NA;1;1;1;1;2;5;5;4;4;4;4;4;NA;3;4;NA;NA;5;4;NA;4;NA;1;NA;5;34;2;NA;6;2;NA;1;Vysoce odborné služby 
1;0;1;1;0;0;1;0;1;1;1;0;1;1;0;0;1;0;0;0;0;0;0;1;1;1;0;0;0;2;3;3;5;4;2;6;4;3;5;2;5;1;1;1;1;1;1;5;4;5;5;3;4;5;3;4;5;4;4;3;5;4;5;4;1;1;1;43;1;NA;3;1;Inovace;1;Hazard
3;3;3;3;1;1;3;1;3;0;1;0;0;1;0;1;3;3;3;3;1;1;1;0;1;0;0;0;1;2;5;5;5;4;3;5;2;3;2;4;3;1;1;3;1;1;2;4;4;4;5;5;3;5;4;5;5;3;5;4;2;3;5;4;4;3;2;25;2;NA;5;1;Žurnalistika;1;Média
2;2;2;1;1;3;0;3;3;1;3;3;3;3;2;1;1;0;0;0;0;1;1;0;1;2;2;2;2;2;1;1;1;1;1;6;3;3;3;5;3;2;1;3;1;1;1;5;5;5;5;5;4;5;2;5;5;4;5;4;5;2;3;5;3;5;2;27;1;NA;5;1;Bioinformatika;2;NA
2;1;1;1;0;1;1;1;1;2;2;1;2;1;1;2;1;1;1;1;1;1;1;2;1;2;1;1;1;2;5;5;5;5;4;6;5;4;4;3;4;4;3;4;2;4;1;5;5;5;5;5;5;5;4;5;5;5;5;NA;5;5;5;5;5;5;5;17;2;NA;1;1;gymnázium;2;NA
2;2;3;3;2;1;1;1;1;1;1;1;0;3;3;0;3;2;1;2;3;3;3;1;1;1;NA;3;3;2;5;5;5;4;6;6;5;4;6;5;6;2;2;3;2;3;2;5;5;5;5;5;4;5;2;5;5;5;5;4;5;3;5;5;5;5;3;37;1;NA;6;2;NA;1;ekodrogerie
1;1;0;1;0;1;0;1;1;1;1;1;0;0;0;0;1;0;1;0;0;0;0;1;1;1;1;1;1;2;6;5;6;5;5;6;3;4;4;5;3;2;1;4;1;4;4;5;5;5;5;NA;4;4;NA;2;4;NA;NA;4;4;4;NA;4;NA;NA;NA;44;2;NA;6;2;NA;1;Klinicka psychologie
0;0;1;1;0;1;0;0;0;0;3;1;0;0;0;0;0;1;0;0;1;0;1;0;0;0;3;1;1;2;5;7;6;1;2;6;4;6;6;6;6;5;3;5;2;5;5;5;5;5;5;5;5;5;NA;5;5;3;5;NA;5;NA;5;5;NA;NA;2;22;2;NA;3;1;Právo;1;Knihkupectví
1;0;0;0;0;0;1;0;0;1;1;0;1;0;0;0;0;0;0;0;0;0;0;0;0;0;0;0;0;2;7;7;7;7;5;6;3;2;6;3;2;1;1;1;5;1;1;5;4;5;5;3;5;1;4;1;2;1;1;5;1;5;2;1;1;1;1;25;1;NA;5;1;Politologie;1;Automotive
3;3;3;1;0;1;1;2;2;0;1;1;1;1;0;1;2;2;1;1;1;1;1;0;0;2;0;1;1;2;3;3;4;4;4;6;5;6;6;5;6;4;1;2;1;1;3;5;5;5;5;5;5;5;3;3;5;3;4;4;3;3;5;3;3;4;2;24;1;NA;5;1;Enviro;2;NA
1;0;0;3;0;1;1;1;1;0;2;0;1;2;0;1;0;0;0;0;0;0;0;0;0;0;0;0;0;2;5;2;3;2;2;6;4;2;6;4;3;1;1;2;4;6;2;5;5;5;5;5;5;5;2;5;5;2;5;2;5;5;4;3;3;3;2;40;1;NA;3;2;NA;1;NA
1;1;0;1;1;2;0;2;2;1;2;2;2;3;2;1;0;0;0;1;0;0;0;0;0;0;0;0;0;2;2;4;1;2;2;5;2;5;4;4;5;1;2;3;3;2;1;4;4;5;4;5;5;5;2;4;5;5;3;5;3;3;4;4;2;5;2;20;1;NA;3;1;elektrotechnika;2;NA
1;1;0;1;0;1;0;0;0;0;0;0;0;0;0;0;0;0;0;0;0;0;0;0;0;0;0;0;0;2;6;7;6;6;6;6;5;5;6;6;5;1;1;2;1;3;4;5;5;3;3;4;4;4;1;2;4;NA;NA;5;NA;2;4;4;1;4;2;45;4;NA;5;2;NA;1;IT
0;0;0;1;0;1;0;0;0;1;1;0;0;0;0;0;0;0;0;0;0;0;1;0;0;0;0;0;0;2;5;6;6;5;5;5;3;2;5;5;3;1;2;1;1;1;3;5;4;4;3;2;5;3;4;2;3;2;2;3;3;2;1;3;1;2;1;44;1;NA;6;2;NA;1;Právo 
3;2;2;3;0;1;1;2;1;3;3;3;2;2;0;0;1;1;0;0;1;0;0;0;0;0;1;1;0;2;5;5;5;5;3;6;3;3;3;4;3;3;2;2;1;1;1;4;5;5;5;5;5;5;2;4;5;5;5;2;5;4;4;4;5;4;2;43;1;NA;4;2;NA;1;soc.sluzby
3;3;3;3;2;3;1;1;1;1;1;1;2;2;2;0;1;1;1;1;1;0;1;0;1;0;1;0;0;2;3;3;4;2;1;5;2;6;3;4;5;6;4;5;2;3;3;5;5;5;5;5;5;5;1;5;5;5;5;1;5;3;5;4;5;3;3;30;1;NA;5;2;NA;1;Sociálni práce
1;1;2;1;0;1;1;1;1;2;3;0;1;1;0;0;2;1;1;1;2;1;1;2;1;2;2;2;1;2;4;4;5;4;5;6;5;6;6;5;5;4;1;3;1;3;4;5;5;5;5;5;5;5;5;5;5;4;5;5;5;2;5;5;4;4;2;21;2;NA;3;1;Sociologie;1;Žurnalistika
3;1;1;1;0;1;2;1;1;3;3;0;2;1;0;0;2;1;1;2;2;1;1;3;1;2;1;2;1;2;3;2;2;1;4;5;4;4;3;4;4;5;3;3;2;1;2;5;5;5;5;4;4;3;2;3;5;4;5;2;5;4;5;5;4;4;2;43;1;NA;6;2;NA;1;vysoké školství, arts and humanities
1;0;1;1;0;1;0;1;0;0;1;0;1;0;0;0;0;0;0;0;0;0;0;0;0;0;0;0;0;2;3;6;3;2;2;6;2;5;5;6;5;1;1;2;2;1;2;5;4;5;5;5;5;5;1;3;5;5;5;NA;4;1;4;5;1;4;4;26;1;NA;6;1;Fyzika ;1;Fyzika 
3;3;3;3;2;2;2;3;2;1;3;2;0;1;3;0;3;2;2;2;3;3;3;1;3;2;3;3;3;2;6;7;7;7;7;6;6;5;6;6;6;6;4;5;3;5;2;5;5;5;5;5;5;5;1;5;5;5;5;4;5;3;4;5;5;5;4;31;2;NA;6;2;NA;2;NA
3;3;3;3;3;2;2;0;3;3;3;1;3;1;2;3;3;2;2;2;2;2;3;1;0;0;1;1;2;2;1;1;1;1;4;6;5;4;6;6;5;4;2;2;1;1;2;5;5;5;5;5;5;5;2;5;5;5;5;1;4;4;5;5;5;5;3;29;1;NA;3;2;NA;1;Sociální asistent pro lidi se zkušeností s bezdomovectvím
3;3;3;2;1;1;1;1;2;1;1;3;2;3;2;0;2;1;2;2;2;2;3;2;0;1;3;3;3;2;4;5;5;3;3;6;5;4;6;5;5;4;3;3;2;1;2;5;5;5;5;5;5;3;3;4;5;3;5;4;3;3;5;5;3;3;3;40;2;NA;6;2;NA;1;Právo 
2;1;2;2;3;2;1;1;2;3;2;2;2;3;1;0;1;1;1;1;2;1;1;1;0;0;2;2;2;2;3;2;2;3;1;6;3;3;4;5;6;1;2;4;1;1;1;5;5;5;5;5;5;4;3;3;4;4;4;5;4;2;3;3;4;4;3;24;1;NA;5;1;Elektronika/elektrotechnika;1;Vývoj elektroniky
1;0;1;2;1;2;0;1;1;1;2;0;1;0;0;1;1;0;1;1;0;0;0;0;0;0;1;1;1;2;6;5;5;7;5;6;4;4;5;5;4;6;2;3;1;5;1;5;5;5;5;5;5;5;2;3;5;4;4;2;5;4;5;5;2;4;NA;32;2;NA;5;2;NA;2;NA
1;1;1;2;0;0;3;0;0;0;3;1;0;1;0;0;1;1;1;1;1;0;1;0;0;0;0;0;0;2;6;7;6;5;4;6;3;5;5;6;6;5;2;1;2;2;2;5;5;5;5;3;3;5;NA;5;5;4;5;NA;5;1;5;5;5;5;4;28;2;NA;6;1;Politologie;1;Kultura - festival Jeden svět 
0;0;0;0;0;1;0;0;0;0;1;1;0;1;0;0;0;0;0;0;0;0;0;0;1;1;0;0;0;2;6;5;6;5;3;6;3;2;2;4;2;1;1;2;1;1;1;NA;NA;NA;NA;NA;NA;NA;NA;NA;NA;NA;NA;NA;NA;NA;NA;NA;NA;NA;NA;24;1;NA;5;1;Marketing;1;Marketing
0;0;0;0;0;0;0;0;0;1;2;0;1;1;0;0;3;3;2;2;3;3;3;2;0;0;3;3;3;2;5;6;5;5;2;6;4;4;4;3;1;1;1;1;1;1;1;5;5;5;5;5;5;5;1;4;4;5;4;3;5;3;4;4;1;4;2;48;2;NA;6;2;NA;1;Audit
1;2;2;2;0;1;1;2;2;1;2;2;1;0;0;1;1;1;1;1;0;1;1;0;0;0;1;0;0;2;2;3;3;2;1;5;3;4;6;6;6;1;2;5;1;4;2;5;5;2;5;4;3;5;2;3;5;2;3;1;4;1;5;NA;NA;NA;NA;40;2;NA;5;2;NA;1;obchod - správa e-shopu, copywriting
2;2;2;2;0;2;0;1;1;1;2;1;0;1;0;0;2;2;2;1;1;1;1;0;1;0;0;1;0;2;3;2;2;2;1;5;5;6;4;4;5;3;4;3;2;3;3;4;4;4;5;4;3;5;1;4;5;4;5;1;5;3;5;5;5;5;2;30;2;NA;3;2;NA;1;IT
3;3;3;2;2;3;1;1;2;0;3;0;2;2;0;0;3;3;3;3;2;2;3;1;1;3;2;2;2;2;5;4;5;5;6;5;3;5;5;2;4;1;1;2;1;1;1;4;4;4;5;5;5;5;4;5;5;4;5;3;5;5;5;4;3;2;1;24;2;NA;5;1;Genderová studia FHS ;1;Média researcher 
0;0;0;0;0;1;0;1;0;0;1;0;1;1;0;0;1;0;2;0;1;1;1;0;0;0;1;1;1;2;3;3;3;2;2;6;5;6;4;4;4;3;3;4;2;1;2;5;5;4;4;5;5;4;1;4;5;4;4;1;4;4;5;4;NA;2;2;55;1;NA;6;2;NA;1;IT
1;1;1;1;0;1;0;1;1;2;2;2;1;1;1;1;1;1;1;1;1;0;1;2;1;1;1;1;2;2;4;4;5;5;3;6;4;4;5;6;4;5;4;4;4;4;1;5;5;5;5;5;4;5;1;3;5;4;5;NA;5;4;4;5;4;5;4;35;2;NA;6;2;NA;1;životní prostředí 
3;3;2;3;2;1;1;2;2;3;3;0;1;2;1;1;2;3;2;1;3;1;3;3;1;1;1;2;1;2;1;2;1;2;2;6;5;4;5;5;4;1;5;5;1;1;5;5;5;5;5;5;5;5;4;5;5;NA;5;2;4;2;5;4;5;4;NA;65;2;NA;6;2;NA;1;Vysoké školství
2;1;0;1;0;0;0;1;1;0;1;0;1;0;0;0;2;1;1;1;1;1;1;0;0;0;1;1;1;2;4;5;4;5;4;6;4;4;4;2;5;4;2;3;1;2;3;5;5;5;5;5;5;4;NA;5;5;5;5;4;5;4;5;5;5;5;NA;26;2;NA;5;2;NA;1;Fotovoltaika
0;0;1;1;0;0;NA;0;0;1;0;2;0;2;0;0;1;0;0;1;0;0;0;1;0;1;1;1;1;2;6;7;5;6;7;6;4;6;5;6;5;4;2;5;4;1;1;5;5;5;5;5;5;4;2;4;4;5;4;4;4;2;4;4;4;NA;NA;15;2;NA;1;1;Gymnázium ;2;NA
1;1;3;2;0;2;0;0;0;2;2;1;1;0;0;0;1;0;0;1;1;1;1;2;0;0;2;1;2;2;5;4;5;2;3;5;3;4;6;6;4;1;1;1;1;3;1;4;5;5;5;5;5;5;5;4;5;5;5;4;5;5;5;5;5;5;5;17;4;NA;1;1;Gymnázium;2;NA
1;0;2;1;3;3;3;3;2;2;1;2;3;2;1;3;2;2;2;1;2;1;3;1;2;1;2;3;3;2;2;1;4;1;2;6;4;6;3;3;3;3;1;2;1;3;3;5;5;4;5;5;5;5;3;4;5;5;5;NA;4;3;5;5;5;3;1;20;2;NA;3;2;NA;1;nezisk
3;3;3;2;0;0;1;3;3;3;3;2;0;1;2;3;3;3;3;3;3;3;1;2;3;3;1;1;3;2;5;3;5;4;1;6;5;4;4;6;5;2;1;3;1;2;3;4;5;5;5;5;5;5;1;5;5;3;4;4;NA;1;4;4;5;4;2;22;3;NA;1;2;NA;2;NA
2;1;0;3;1;1;3;0;1;0;2;0;0;2;1;0;1;1;0;2;3;2;1;0;1;1;1;1;1;2;5;7;4;5;5;6;4;6;6;5;6;5;2;6;3;6;5;5;4;5;5;5;3;5;4;5;5;4;5;4;5;3;5;5;5;3;2;25;2;NA;5;1;Učitelství zeměpisu a dějepisu;2;NA
2;1;1;1;0;1;0;1;1;1;2;0;2;1;1;0;1;1;1;1;1;1;1;1;0;1;1;0;1;2;3;2;4;2;1;6;5;6;6;5;4;5;3;3;2;2;3;5;5;5;5;5;5;5;3;5;5;4;5;3;5;4;5;4;5;3;2;29;2;NA;6;2;NA;1;NA
1;1;1;1;1;1;1;2;2;1;2;2;1;1;0;1;1;1;1;2;2;2;2;1;3;1;1;1;2;2;1;1;1;1;1;6;6;4;5;4;4;6;5;6;6;6;6;5;5;5;5;5;5;5;2;5;5;5;5;2;5;2;5;5;2;5;2;19;3;NA;3;1;SPŠCH;2;NA
2;1;1;1;0;3;0;1;1;2;1;0;3;1;0;1;1;1;1;0;1;1;1;0;0;1;3;2;2;2;2;2;4;2;2;5;4;5;3;2;3;6;1;3;2;5;3;5;5;5;5;4;4;4;3;5;5;4;5;3;5;3;5;5;4;4;3;24;1;NA;5;1;Religionistika;2;NA
3;2;1;2;3;1;1;2;2;3;3;3;2;3;2;2;2;2;3;3;2;2;2;3;1;2;1;0;1;2;5;3;3;2;1;6;6;6;3;5;6;6;6;6;4;6;6;5;5;5;5;5;5;4;3;5;5;5;5;2;5;5;5;5;5;5;5;17;2;NA;1;1;všeobecné gymnasium;1;gastro
1;1;0;1;0;1;0;2;2;1;3;2;2;1;1;1;1;1;1;2;2;2;3;1;2;2;3;2;3;2;1;6;4;3;3;6;5;4;6;6;6;6;5;2;4;4;5;5;5;5;5;4;4;5;2;5;5;5;5;4;5;2;5;5;5;5;NA;36;5;NA;6;2;NA;1;socialni
2;1;2;2;3;1;1;1;1;1;2;1;0;2;2;1;1;1;1;1;1;1;1;1;0;1;1;2;2;2;5;6;3;6;5;6;4;6;5;5;5;6;4;4;1;1;2;5;5;5;5;5;3;4;NA;4;4;NA;4;NA;5;NA;4;4;2;4;2;28;2;NA;6;1;filosofie, dějiny umění;1;současné umění
1;1;3;2;2;1;2;1;1;2;1;2;3;3;2;1;1;1;1;2;3;2;3;0;1;1;3;3;3;2;1;5;1;2;1;6;4;5;5;5;5;5;3;5;2;6;6;5;5;5;5;5;5;5;4;5;5;5;5;2;5;2;5;5;4;2;1;23;2;NA;3;1;Právo;1;Klimatické právo, lektorování o sexu
2;2;2;1;1;1;1;2;3;1;3;3;2;1;1;2;1;0;1;1;0;0;1;0;1;0;1;1;0;2;3;5;3;5;2;6;5;6;5;5;5;5;4;4;4;5;4;5;5;5;5;5;5;5;2;5;5;4;5;NA;5;NA;5;5;5;NA;NA;37;2;NA;6;2;NA;1;Socialni sluzby
2;1;1;3;1;2;1;3;1;0;2;0;1;3;2;0;1;1;0;1;1;2;2;0;1;2;3;3;3;2;5;7;5;7;5;6;3;2;5;3;5;6;1;4;1;1;3;5;4;5;5;4;4;5;4;5;5;3;4;NA;5;NA;4;NA;NA;NA;NA;19;1;NA;3;1;Právo a právní věda;2;NA
2;2;3;1;1;1;3;1;0;0;1;3;1;0;0;0;2;3;1;1;2;3;3;1;0;0;1;1;2;2;4;5;6;5;5;4;6;6;3;3;6;6;2;6;6;6;3;5;5;4;4;5;5;5;5;5;5;5;NA;NA;4;NA;5;5;NA;2;3;20;2;NA;3;1;publicistika ;2;NA
0;0;0;0;0;0;0;3;1;3;2;2;2;0;0;1;1;1;0;0;0;0;0;NA;0;1;1;0;2;2;2;6;1;6;1;6;4;4;4;3;6;5;2;1;1;1;1;5;4;4;4;5;3;3;1;1;4;2;5;5;5;4;4;5;2;4;3;29;1;NA;3;2;NA;2;NA
2;1;1;3;0;2;1;1;2;1;1;3;3;2;0;2;2;1;0;0;1;1;1;0;1;1;0;1;1;2;3;5;5;3;2;5;3;6;3;4;6;5;2;6;6;5;5;5;5;5;5;5;5;5;5;5;5;5;5;1;5;2;5;1;5;4;1;21;2;NA;3;1;Fyzika;2;NA
1;1;0;2;0;1;0;2;1;0;0;1;2;0;0;0;2;1;1;1;1;1;1;0;2;0;3;3;3;2;5;5;4;3;3;6;5;6;5;4;3;6;6;2;2;5;3;5;4;5;5;5;5;4;1;1;5;5;5;3;4;3;5;5;4;5;2;24;1;NA;6;1;Fyzická geografie ;2;NA
2;0;0;3;3;3;0;0;0;0;3;0;0;1;0;0;2;1;1;1;3;2;1;1;1;2;1;0;0;2;5;5;3;3;3;6;4;6;4;5;5;2;2;3;3;6;5;5;5;5;5;5;5;5;3;5;5;4;5;5;5;4;5;5;5;5;3;30;2;NA;4;1;Pedagogický;1;Učitelství
1;1;1;1;0;1;1;0;1;1;1;3;1;0;1;0;2;2;1;1;2;1;2;1;1;1;3;3;3;2;6;5;6;5;3;6;5;5;6;4;5;5;4;4;2;4;4;4;5;5;5;5;5;5;4;5;5;4;5;5;5;3;5;5;5;NA;NA;20;1;NA;3;1;Studium humanitní vzdělanosti;1;Gastronomie
3;3;3;2;0;2;1;2;3;3;1;1;3;3;0;3;2;1;1;1;2;1;1;1;2;2;2;2;3;2;2;3;3;4;3;6;6;6;6;6;6;5;1;4;2;1;3;NA;5;4;5;NA;4;NA;NA;5;5;NA;4;NA;4;NA;5;NA;4;NA;NA;30;2;NA;6;2;NA;1;gastronomie
3;2;3;3;0;1;1;2;1;0;2;2;2;3;1;1;1;1;1;1;1;1;2;0;0;1;2;2;1;2;2;3;2;3;3;5;5;4;4;4;5;1;1;1;1;1;2;4;5;4;5;5;4;4;3;5;5;3;4;3;3;5;5;4;5;4;2;29;2;NA;5;2;NA;1;IT
0;0;0;0;0;0;0;0;0;0;1;0;0;0;0;0;0;0;0;0;1;0;1;NA;0;0;0;1;1;2;5;6;6;5;4;5;4;4;3;3;3;6;1;3;1;1;1;4;5;3;5;3;5;4;3;2;3;3;4;3;4;5;4;3;3;3;2;18;2;NA;3;1;Cestovní ruch;2;NA
NA;1;1;1;1;1;1;2;1;2;2;2;2;2;1;1;2;3;2;2;1;1;1;3;2;1;3;2;3;2;5;4;5;5;2;6;6;6;6;6;6;6;1;4;1;1;1;4;4;4;4;5;5;5;5;5;5;5;5;5;5;5;5;5;5;5;5;22;2;NA;3;2;NA;1;Umění
1;0;1;0;0;0;0;0;0;0;0;0;1;1;0;0;0;1;1;0;0;1;1;0;0;0;0;0;0;2;5;4;4;3;1;6;5;6;6;6;6;5;3;5;3;4;3;5;5;5;5;5;5;5;5;3;5;4;5;1;5;4;5;5;4;4;3;33;2;NA;3;2;NA;1;nezisk
1;0;1;0;1;1;1;1;0;0;1;0;1;1;0;0;2;1;1;2;1;1;1;0;0;0;1;2;2;2;5;5;4;4;4;5;4;4;4;4;3;3;3;1;2;3;4;5;5;5;5;5;5;5;2;5;5;NA;5;NA;NA;2;5;5;5;5;1;31;2;NA;6;2;NA;1;design služeb
1;1;1;0;0;1;0;1;0;1;1;0;0;1;0;0;1;0;0;0;1;1;1;0;0;0;1;1;1;2;4;5;5;5;5;5;4;6;5;5;5;5;3;5;5;5;5;5;5;5;5;5;5;5;2;5;4;5;5;1;4;3;5;5;4;4;3;26;1;NA;6;2;NA;1;neziskový sektor
1;1;2;2;3;2;1;1;2;3;2;0;0;2;0;1;3;3;3;3;3;1;2;1;2;2;1;1;0;2;4;3;4;3;4;6;5;6;6;6;5;6;2;4;3;5;3;5;4;5;5;5;5;NA;4;4;5;4;5;3;5;4;5;4;4;3;2;15;5;NA;1;1;Informační technologie;2;NA
0;0;0;0;0;1;0;0;0;1;1;0;0;0;0;0;0;0;0;0;0;0;0;0;0;0;0;0;0;2;5;5;5;5;5;6;4;5;5;4;6;6;5;4;3;5;4;5;4;5;5;5;5;5;5;4;3;4;5;3;4;4;4;4;3;3;1;38;2;NA;6;2;NA;1;Poradenství, terapie, koučink, práce s tělem
1;1;1;1;1;1;0;0;0;0;3;0;1;0;1;0;3;0;0;2;0;0;0;0;0;0;3;3;3;2;5;5;6;5;4;5;4;4;5;4;4;3;3;5;4;4;3;4;5;5;5;5;5;5;1;5;5;2;4;3;3;2;5;4;4;4;3;30;1;NA;6;2;NA;1;Věda a výzkum
3;3;2;3;3;2;1;3;3;3;3;1;3;3;0;NA;3;2;2;2;1;1;1;3;3;3;1;1;1;2;2;2;2;3;1;6;5;5;6;6;6;1;1;3;1;3;3;5;5;5;5;5;5;5;2;3;4;4;4;3;4;4;4;5;NA;NA;NA;33;2;NA;6;1;Biologie;2;NA
